{"cameraMode":{"drawMode":0,"name":"Shaded","section":"Shading Mode"},"sceneLighting":true,"audioPlay":false,"sceneViewState":{"m_AlwaysRefresh":false,"showFog":true,"showSkybox":true,"showFlares":true,"showImageEffects":true,"showParticleSystems":true,"showVisualEffectGraphs":true,"m_FxEnabled":true},"in2DMode":false,"pivot":{"x":-1.0718104839324952,"y":0.654473602771759,"z":1.2247405052185059},"rotation":{"x":-0.14279067516326905,"y":0.11758064478635788,"z":-0.01708676852285862,"w":-0.9825957417488098},"size":12.525579452514649,"orthographic":false}