{"cameraMode":{"drawMode":0,"name":"Shaded","section":"Shading Mode"},"sceneLighting":true,"audioPlay":false,"sceneViewState":{"m_AlwaysRefresh":false,"showFog":true,"showSkybox":true,"showFlares":true,"showImageEffects":true,"showParticleSystems":true,"showVisualEffectGraphs":true,"m_FxEnabled":true},"in2DMode":false,"pivot":{"x":77.42549133300781,"y":12.685603141784668,"z":117.69807434082031},"rotation":{"x":0.007513897493481636,"y":0.893710732460022,"z":-0.4483671188354492,"w":0.015018881298601628},"size":52.91257095336914,"orthographic":false}