{"cameraMode":{"drawMode":0,"name":"Shaded","section":"Shading Mode"},"sceneLighting":true,"audioPlay":false,"sceneViewState":{"m_AlwaysRefresh":false,"showFog":true,"showSkybox":true,"showFlares":true,"showImageEffects":true,"showParticleSystems":true,"showVisualEffectGraphs":true,"m_FxEnabled":true},"in2DMode":false,"pivot":{"x":301.8899230957031,"y":7.350290298461914,"z":199.41575622558595},"rotation":{"x":0.05577348917722702,"y":0.8697975277900696,"z":-0.47970372438430788,"w":0.10118380934000015},"size":36.233280181884769,"orthographic":false}