{"cameraMode":{"drawMode":0,"name":"Shaded","section":"Shading Mode"},"sceneLighting":true,"audioPlay":false,"sceneViewState":{"m_AlwaysRefresh":false,"showFog":true,"showSkybox":true,"showFlares":true,"showImageEffects":true,"showParticleSystems":true,"showVisualEffectGraphs":true,"m_FxEnabled":true},"in2DMode":false,"pivot":{"x":3.887360095977783,"y":0.05884888768196106,"z":6.280685901641846},"rotation":{"x":-0.16541911661624909,"y":-0.15551303327083589,"z":0.02642267756164074,"w":-0.9735295176506043},"size":6.123971939086914,"orthographic":false}